"","WCWin","DSWin","LCSWin","WSWin"
"1",0.403508771929825,0.260651629072682,0.102756892230576,0.0401002506265664
